table_name,field_name,nonmissing,rows,missing
participants,participant_id,300,300,0
participants,cohort,300,300,0
participants,age_band,300,300,0
participants,enrolled_on,300,300,0
procedures,procedure_id,300,300,0
procedures,participant_id,300,300,0
procedures,cohort,300,300,0
procedures,procedure_on,300,300,0
procedures,procedure_type,300,300,0
breast_module,procedure_id,100,100,0
breast_module,intent,100,100,0
breast_module,laterality,100,100,0
breast_module,implant_used,100,100,0
nerve_module,procedure_id,100,100,0
nerve_module,injury_level,100,100,0
nerve_module,technique,100,100,0
nerve_module,target_function,100,100,0
wound_module,procedure_id,100,100,0
wound_module,region,100,100,0
wound_module,coverage,100,100,0
wound_module,defect_size,100,100,0
followups,followup_id,1200,1200,0
followups,participant_id,1200,1200,0
followups,day_target,1200,1200,0
followups,due_on,1200,1200,0
followups,status,1200,1200,0
followups,visit_on,1012,1200,188
followups,function_score,1012,1200,188
adverse_events,event_id,52,52,0
adverse_events,procedure_id,52,52,0
adverse_events,event_on,52,52,0
adverse_events,term,52,52,0
adverse_events,severity,52,52,0
adverse_events,serious,52,52,0
adverse_events,notified_on,5,52,47
